capture_id,time_point,bio_rep,tech_rep,data_subdir,group_file,roi_file,tissue_file,artifact_file
day03_11,day03,1,1,9_10,9_10_group.csv,9_10_ROI.csv,,
day03_21,day03,2,1,11_12,11_12_group.csv,11_12_ROI.csv,,
day03_31,day03,3,1,21_22,21_22_group.csv,21_22_ROI.csv,,
day07_11,day07,1,1,7_8,7_8_group.csv,7_8_ROI.csv,,
day14_11,day14,1,1,3_4,3_4_group.csv,3_4_ROI.csv,,
day14_12,day14,1,2,1_2,1_2_group.csv,1_2_ROI.csv,,
day14_21,day14,2,1,13_14,13_14_group.csv,13_14_ROI.csv,,
day14_31,day14,3,1,19_20,19_20_group.csv,19_20_ROI.csv,,19_20_artefacts.csv
day21_11,day21,1,1,5_6,5_6_group.csv,5_6_ROI.csv,,
